first_page_id,continuation_page_ids
6d5d7924-7d53-4350-a8eb-52e090562f04,1b68085f-8e17-4252-bec1-e53a261dd557
b6e98c68-60aa-4c9e-a741-33d80ea1f0e3,
2617b0fa-d00b-4502-8611-2c4d966f41dd,b352d900-b446-4c87-b056-a140c7bc8cd4
b75a5ff5-88f4-42f3-a488-713b4e2edbd4,4a5ec93a-85e5-4509-b380-b8ad64049278
15e091c9-6395-4488-821c-77125b8ba762,c14856e2-62c9-4c03-ad02-24c3fc675abf
72926ffb-89c1-4ceb-a93d-933a0db7f02f,d1be94dc-ae0f-4a12-9259-f0192532ee86
667a811d-c523-4600-a1b5-9d296780d7ee,9e7fae96-c31c-43d8-a4b1-b8597eac9151
ab7a5771-00d9-4f39-b7e7-2c297389160a,14f1553b-0dab-442d-bf6e-4da210f9aa86
72a63ec7-b93f-4d18-9fd2-7f6568440416,20979fc8-ccfb-4c1f-8b94-2d4b8406072d
e23ec6a5-9d77-47ad-a46a-a6a77936d673,ba36722c-5361-46f8-bf25-7b091426e872
26a52dfa-8fb3-4008-a6f1-720d6d0b519d,2af57404-94e2-4d4a-8a5f-a5786e95b0b0
7378fd4c-220b-4853-bfdb-97d2147d31d1,6bbb17d8-9714-4cf7-9219-30241cd671c1
847cd38e-5d08-4505-a4fb-d7112e3f8072,e9c76924-f7fe-4690-8355-f8d4f7bfd5e0
2e7537f4-f2e7-4657-ae89-c4a0f99292df,e74679ee-b6c0-492c-9315-88569aa20ff9
e28ae00f-059b-402b-8518-fa8c12c57884,c6b98cbf-907f-4e31-973a-a3f5a591ab66
f86e2dfb-c9da-4b4b-822d-61991963a4eb,07b6d638-ef05-484a-a2ac-cd77f9563b1b
292d66f8-8d50-4ee6-82b9-6b4904c185aa,62b29b7f-7266-4ab1-91b0-6397ee72c8cb
3706b9f9-f5b3-4760-99ab-475b0407d601,e06aa97b-ac43-423f-a6dd-b715a802ae7c
df3c6762-acfa-4f6d-98e2-7feaf231cdb2,6b58a38d-5169-4ad0-a15f-9c068a79c547
7e397538-f521-4fc5-8323-97664dcded47,7cbabb65-b9d4-462f-b5c8-1a28da62a71f
5f8874b2-ffae-4e68-9f9a-deb279aa227b,a3b92ae0-3251-4a84-9226-ebb58221bd70
9fbdb82c-d66c-4714-adea-96379090f348,061535e7-c0ba-458b-ad14-ed88cccfd3a0
1c62a289-efe1-4da3-8951-89636ea35b83,33d6ea57-15b8-4886-82e8-9a046c87af18
28bd6865-29d1-4263-a16f-584e4c4f76aa,f642e3e0-d890-4913-a4bf-a149472db217
06a5f8fa-0e0d-45c3-bd69-0a469b30c0f3,15a07ff4-2de6-490d-b20f-3d707e72e8b4
dc4eb5f5-befc-415e-abff-19927f6cdb39,09441615-baea-4ff5-a384-b06a4ccd32e1
5b08278f-9124-4c39-aa15-6c53b11d1d89,f8672b97-123c-4520-822e-493d96d6d5e3
eeb11586-8005-48a7-9551-8b8fe3392c63,9d41caa2-b7ea-4d46-a0eb-a706619cadd3
b56bf180-5801-4561-b951-2f11f20b097e,11932ece-4841-4589-9f8a-67a415b1a109
a9c04924-3394-4af4-a605-57d658fd3c81,25268497-25c9-4a81-9f6e-25e48dca8a12
5eb6b36f-36dd-4988-aaf4-c5dbba4fcd57,f4e65de1-dd89-4a44-9c3d-effa8580f95d
f476ec60-c57f-454d-b702-c8cdd7e100ac,9fe5830e-c8e1-4618-9744-cec8b4297185
07536c01-685f-4b85-83ba-e227685e27a7,51b7230c-9c43-4c47-a0d2-ee68de885dcf
c98d6c26-e7af-4e6e-9fd5-4d666adc389f,cd553619-f4eb-4339-85f2-fef519f862f9
b22f3cd4-543c-475d-a002-f44d4312de96,9e761821-065f-4a28-9083-d969a9a511da
47090c43-ff93-47c8-9773-364d35e493dc,f662068f-733f-4246-b8de-c46e5298d86d
b46d2da7-eae0-4485-9a12-d847650f7e58,7862f801-12d5-46fa-a5c6-8d1f3e28383a
b1a0043b-0145-46ea-922d-231a3b552822,7451d0e0-a741-423d-9d8b-ba870f82831e
e878d7ed-edf2-4fd5-b29f-a825a6755d0d,023db554-b52b-4075-a8bc-826b08e480d2
98e51b04-2485-4c2b-a3c7-aa1e5cf15af3,2c9997be-e3c1-4f6c-9ac7-5cfd3328ac9c
00da056c-c325-4ac5-94ae-65a31b5f149d,dcc5b94d-460b-44fb-9c8b-5fdd25ad3d64
024d0314-d881-4cff-9700-20ff7ecf994c,53b73969-9b50-447c-8b34-af770f7c140d
a67b4ad0-91bc-4b77-afff-413ad0a3b736,0fdf1756-455a-4da6-8345-59dd957a26f6
fefb204d-204d-4d30-b824-edc3e6258b0c,593e4c35-335f-4abf-8088-55a929cb1c7f
36477f21-2174-4f80-a892-c3ab96e2df29,4b6dbd01-0835-420a-a97d-dd4343e4c05d
cc68748b-7e08-4f30-bb91-30cdbdb6a182,9330258d-343c-4448-b4c8-6cfb0f0a5737
5d163080-1478-4895-9ded-1ceb0f907b54,48ab0b94-3b11-4744-947d-943a4cb5a77d
e20abfa2-11bc-4b57-adf2-0cfd8d8850b4,18b7e350-7092-4de4-9c45-2165d14b9b32
ed2814f2-eecc-4c86-8e51-0423445bb720,ede5e26a-fb9d-4c8b-8c2f-17aa29da4ef7
81640549-0ef2-41b1-a42b-e64c130953cc,f9956b4c-546c-4c17-aa70-72eba3e95c4c
bd96ac83-a032-42e3-b7fe-eaf05396d2fc,c0e0300e-9a50-4e43-ac91-3ccc11dc7827
5e632cc7-7f55-40c7-ac87-835611574ad0,3956ee91-8078-4cd5-becf-017bac3f601e
8d8698db-ef2e-4c8a-8952-5e993f003293,fc3acb36-f4e9-463a-983c-57ae82b0114a
577be004-3264-49a5-a32b-6bd3ee6d5cb8,8a478132-2c6e-4f10-bf87-60074965f450
3472621d-22c9-490a-a1e3-a251c66c4646,16658212-47ff-4a67-a380-6d352c15847c
d63ac28f-3c49-41f9-8fa6-681dc670b3b7,c5681740-5dc9-4bf9-b784-8ed1ef735db4
029ea57e-7330-4e9e-984c-ca59e244e329,dbf61a85-eb24-4224-97af-786ed84a35ad
58f32c21-e0ff-45eb-af02-d8d520408ef8,ab613338-20a9-4e46-92fa-80f1341624bf
951fe6d8-2f74-432e-ab14-809091b4bc8c,ac99d289-3cd2-4377-9fea-b492edf84908
217d53aa-7573-479b-a1f3-2dce3e1687c0,ab5ab78c-3381-442a-889c-7f6279e53981
f8425aca-f952-4e9c-84ff-1c3f588af265,99c288ca-da0a-42e1-aa16-49f178784e2b
c53ec868-a5a6-43ea-9949-5c9c9e9d77cb,733dc39f-9995-4111-b373-5bfc69529acd
39742cee-d716-480c-a2fb-68d58e598374,066c6847-4c6c-4234-be55-f44d3fa5f37e
9725b119-ab5d-4c84-ac24-3399569e583b,31d72932-b31f-47b5-8280-3c11f5da49fb
3558d89e-110e-4f73-886e-82bd1eef8996,dddc7205-de3c-409d-890d-18985aacf935
6072dee3-4a92-4173-82e2-ba19034eae2f,fb294e88-0661-4ee6-99b2-5eb8f59b431c
cecff085-a182-447b-9e2f-f4ea1925e54b,75845c63-3803-414d-b2aa-8f6abb7cc2b7
a86568a9-f1c9-4092-a655-f7f649292df1,49434cb8-c260-41a9-ac29-fdb0276567ac
481d6060-f6a6-44c6-8aa3-75fd70516520,
ceb5e7bf-77d7-4cdc-98de-58dc07e2e411,09270905-cbb7-4d50-ad2b-32afdebafbc0
a0d580e6-3532-4da6-8bc6-876161d73e49,b28d33e0-651f-4968-bce6-854d191ae57e
44247482-0001-43f6-87f0-e812e56671eb,49324c14-09c4-4b44-9b01-e6f07099450d
21088562-eec2-469d-82fd-867a9bfe2519,55f698a7-d5ad-469c-833a-7527b529ed3c
2f00645d-be3c-423c-82ba-767694c3d868,9b5c5bf6-dc99-48a3-bba5-5d6419cc4cfe
2d6a2b36-dd24-485e-bd2b-4dd838476d99,64d050d7-834c-4438-9710-f49c0d1dde9d
273d2690-fb92-4ea9-94c5-80e8438fc137,1a39a051-fbe0-4d42-991c-f2802ab4377e
d1992674-2abb-484a-baf5-91dac5402305,efeebad8-6e6e-4dcc-83ef-b173f794fbf4
866d494f-4a88-46a2-a2e6-2c1b9d289f66,4241ff93-8adb-49d4-b401-fa4341511256
a950d66e-8c98-44c2-897e-bb0e70ed3dbb,53d63aca-41b1-4a42-936f-a1bcf6cbf0c9
fc021ef9-7208-4a23-ac12-32f74041b3e0,d827c28f-6930-4f75-a633-4436ba7965be
0c97cd5c-b87c-47f1-810d-06f51afed069,55b6709f-b969-40b1-a3a7-c92b1cd2d05a
6840fc2d-9637-424a-b616-e377bbdd91ac,5d06b2b8-a40b-41ae-80ec-a435a59ef757
4b1ea2c7-ef10-4cfe-b6f4-fe2db55f29cd,002d851e-49de-44d3-8824-35589c77ca2d
99944343-28b3-4492-953c-384d34432c7e,220f67b4-50b4-495e-a982-447f2fd2af21
81d26ad6-831a-4ebc-9e86-47e935fb1390,625a718a-3ca3-42c7-bad1-4bddbde2b6cd
3cf4427d-0eab-44c8-a180-7a10d5a4efda,fd23fb7f-2d71-4cc0-ac93-e8c820389e5a
286d431a-77c3-44a6-a2d0-5cfb933aedca,af213972-9862-4870-b729-b44363da6405
1b3de84b-855a-4249-ab37-0a5f5833ed54,bac9c71c-2c4a-4b7f-b93a-1c7ada8f65db
c8b0efed-2929-48f0-8f33-2a10274c9a16,c7668303-27d8-4dc4-94c2-82bc8f972fe0
2453b42d-253f-4fe9-9540-6f44448aafa4,644f79ad-31f7-44c3-8cd2-6dd539a1a348
4b35cdc3-ea00-4c89-8388-8ee74b50fdff,5bcd183d-f167-4e98-b77c-6eab63754943
6045e08e-d6ba-4dee-92cf-65cc22a16a24,657e483b-e1a7-4dcd-b738-dc327c80f44a
15c15014-2ea9-44f9-a395-542c87196175,377fe753-a1f3-4ef8-a444-adabe955451e
df11bac3-8b0e-477b-bb8e-e402fab1e93f,9ba4e15a-69ae-42ed-90f5-1fbca23a16f9
76678d8f-5db6-4f14-9bf0-becd52740cb3,233ceb59-4527-400b-9aeb-2c562d0f6f81
4701ad27-8e8d-4764-a1a9-4b9a5c9d352e,8dc08e53-bed8-4e02-99e7-d59127baf011
03bf388b-a793-471c-8243-b0121b5dc017,21dfc003-dcb9-45ab-ab00-91d80677169a
a4c7ef9f-b282-4b06-a3f2-0d02d05f3d35,dc79be33-6630-4f34-9d8c-2649bd897f54
7126cbc9-d0ee-46d0-81a3-838976bc4d79,865c96c4-a16c-4d75-86c8-4df036bdd89a
7efd7c25-e668-4f85-91ff-c31126ae4c5f,dd3576a6-d5f7-48f2-927b-3f71576a564a
e629b9c4-da41-4f0a-b17e-f30a2e4f01c9,38c4070e-4dc1-473e-a01c-c8329083bc6b
1e67b282-5e08-475d-9528-5a1252c85cd9,332e29ec-58a5-4dcd-a54f-c552fe54acbb
6fce64ee-7e4b-4bac-b684-22b79bf66f75,11b78567-b4d0-43e9-b138-1b1c5ae5451f
1ccd7171-1cf2-4bfb-8397-64fac94189d0,
f93aee4f-2460-4fea-a87e-8dea6e129e25,
cdc154af-f9fa-4fd7-b758-7fa2f0fa45e7,
ee590888-87d2-43d0-bf67-19c399932c99,
f241a9d8-6362-433b-98ac-c861b736927d,
9681f3a7-0c56-4b3a-91f8-e15240933ab2,
811899fc-132f-42a2-94ae-2db88e888977,
1ddbbc0e-964a-4c69-ac71-4be654755d0c,
f2ec3307-d518-4e42-8b3f-bd9681362997,
88c8545e-e234-4435-8e64-064bac60aed8,
f493f936-dc81-4598-8df3-8a03dc50d37e,
3b7e844e-0c04-4868-b7af-b10fa1f0ce6c,e2b621a0-c470-4187-bb59-1770a77d793f
01a8c82f-7eaa-4033-96e3-a07671921a7f,
9be42b9b-1279-4f0d-afe2-6a73fa46f050,2c68c7e0-63be-4b46-8bbe-00a32b4e6723
b22a724e-62f5-4660-be2d-575adefb60d3,64e6feb2-514e-4400-a36a-428dd466b949
8bf0ffcc-2bd7-41a1-adb0-5f2418f42030,50dbb468-5b58-4470-bd3d-696efb76bf04
57bf48d5-2ef6-455a-bb78-20ef26fe9a0f,3c53d8eb-0855-4e50-8a8d-0832512d72c9
4ec1ce34-36bf-4354-b807-c235193f2696,88b4c25c-208c-4814-aa79-d9432ba9a2c7
e41d9b46-1c62-4f2e-8c53-fb85b7b109cd,ee3596a6-970e-4097-a9b5-f50ba3ccc8fa
ed65f02e-3a77-404f-b322-3d4612233a31,a14cba0d-bade-488a-a46a-146a59dea6e0
87607980-62d9-4f69-afbc-14455f1be984,8ea2357e-2620-4f85-ba19-5718c8d7d141
baf32978-51e1-47b0-8b52-a0a1665c853c,2040ad8b-d9ad-47b6-ae46-de76bc301260
03389dba-6e73-4d05-8909-4183c5db49ec,859a4a00-fe13-467a-844f-d3eeafd5f752
0ee719ad-9225-4da3-b5c5-8a8a36734897,97432d9a-2b86-4653-98b7-46c75489d618
5b9d0f5d-0e1b-40f1-b644-00f95df9fcad,8d7a45df-f5a2-4a08-af73-88ca5d6f8281
c75813db-d78a-418e-bbc0-ea3f32677f09,c17b5c49-b166-46a4-b77e-e73ed7573966
6860acaf-1988-41df-b4a4-026e94bbbdd4,
b07d7370-3822-4f97-bce3-6b03e5930c49,95213a85-1088-42b3-acbf-6fbf55b1df19
d5e828c4-f861-47f1-8605-677bce29b2aa,a5baf153-2ad2-48ad-84ca-e1bef4712442
539ba84a-21be-4e1c-9f3f-8e67ef46ddf7,b9bf2b1b-7e37-4465-9f04-24baf16e3a1b
770b9c03-f891-4151-a478-13d1c57ae20d,e8f57483-5328-4566-8572-2144a08cc594
54c422c3-ffe1-4e63-a1d0-271235f22ac9,7a125afa-c52a-464d-bdfa-da421629b141
fee1fab7-c419-4ecc-bf3b-3a6ce2c6479c,9b4cc12d-456b-47f1-8a14-1291ca62ef74
19d3f2c8-dbf6-433d-8e84-22b9dcce09ff,3edc5345-c7dc-48a4-b46a-42accfbc351b
b883c1ee-ddb2-45cc-9f4c-edd241fc20e5,
187ce9cc-ffd8-4a4f-b2df-f110898e3168,85855b11-3b3a-4cad-84d4-1a98e72b7b35
7ee8042c-01b7-49a3-8a65-a4f617153855,9397eb14-bbc2-4204-9e55-c97f6da729c9
277dfb69-4f9c-4669-926a-fbc63c11ebf1,537ef61b-e6c6-481d-9d11-79fdfa45bc70
01000655-6d8b-4e6d-8f00-4716b82f7602,edf4f8e6-a9db-4d7a-9ce6-c4e22eeac083
2f51eef9-a616-4678-ae5b-3b7ca73da3e7,99c19011-9d73-4002-86ec-2b83f4affb9c
4ad9ecce-d5ee-40ec-8775-29d5cabe4f80,9d66feda-bd2b-41f8-a08c-2d075f64d255
c9e87292-578b-41da-b043-239dd12047d9,1377a7b4-d8e0-42f2-a1a9-82ea3b9a1c22
8eded81e-dcbd-4279-8125-e04967b2aa46,be07a12d-2f44-48e3-82c8-f13342ff62c8
546c129f-0544-4670-8ee8-d6a9f02104a0,f229b3b3-71f3-4cdf-a91e-ac6139ac7799
bf9a9f53-4525-4f2b-ba99-87ab1db52f5e,a9288199-909e-4ce5-a0cc-cd97411c0c9b
da76167d-9e21-48db-817c-ba40d8ba36f7,6f2161f4-f85a-420c-bc2b-e9d35440ea72
589689b7-e511-4c4c-988d-4c6b9c480106,cbc50cd4-cbc6-4239-891b-8b1be569df8c
2ac2ded4-e3ed-493b-b430-e60cd8ab356b,42e96a75-c112-4da5-a952-b6c3068e1930
e5a5833b-b325-47aa-a104-5d688aa4085b,dd23b9da-395c-4f71-8aa2-dbb8a947a54f
5fcdee54-ed03-41a4-8a7d-a53f45681056,b248f120-fe4a-4545-9b97-be0346982003
1c7c4f91-12b4-4ea6-a5ca-08e3c1fb7d6e,f9d0bd15-dfa2-42e2-a79c-903dfe4a5b54
f793569f-04c7-447f-93ad-8fc0784c46bd,4ed9b61e-4467-457b-8e17-98e51a751bfa
08ae1418-fc5f-476c-a9c9-2c4a66a01145,330073fc-b350-43c4-b1d0-7aa65a600346
27bc45de-68c2-413c-a253-a54db6d8aeb9,96ffabb1-69e8-4dee-8f16-ed1f46d58914
dd1c5f1b-082e-42b3-b9af-6515523ce194,"c4d92783-6c6e-47d1-b157-f2a3eead3474,58598c2c-f76a-4580-b9cf-3ffeaddd8886"
3e62e75a-de76-4b20-a9a1-d68f70cb83b6,76462a13-7f07-47d9-81b5-233acc05e353
1cdd4096-e98d-4b24-b4b5-acdf4a424e27,cb025e21-c525-4fd2-89e2-2da2c1952ec5
1f8f3a72-c757-4795-99d0-b9ec0a78a564,7302f618-34e1-4a3a-8b27-ca59be60a5db
ac65e111-bb56-49ce-a7da-7a666e1434d7,e71f2862-2dbd-4cad-9977-253bc5c87563
a0f43035-0806-42ec-a5eb-24136b8e387b,9ff1ed3c-3d23-4a39-befe-772f25c18d99
e614661a-b05c-4013-89b1-6ad6f4b858b0,07187614-3506-48bc-adaf-c69c2e45d408
58139224-6541-49ae-9b3e-c0c7fe600be7,cd5312b3-339c-4100-90b2-e4a2d5c4828a
ea8e9758-e7c6-4ac4-927f-29f06b1189e2,900d725c-d2a8-4c69-9087-316ea5213ae4
10d23143-2287-43b5-bd51-0870e5ee4683,97341cb9-8764-442d-98ba-4886b69f40c1
3777cebe-722f-44a7-893b-d4d73a989ddd,cd08edcf-4e50-4051-bc7c-549011f43847
aecf44d6-2482-4210-b2cb-2a23a9ad7a2a,199661cb-4173-4e83-9c1b-1627a1099a63
cba7cb10-58f4-4bdc-b9bd-1e5f016ce765,4d86ceea-2f43-469d-b4f0-54b6df15be1d
925cf338-a912-4733-be6c-d7203f952b74,b17bff6d-b0dd-4f6e-aee9-2cd306afe308
3aba2714-2f09-4437-9777-4edd5ac89b9a,962dc103-169a-4b36-9309-2dff9b66bab4
ad8e685b-3cca-4d42-a9d0-c3d2b60b45de,d99a83fc-9c9e-47c8-a2c3-b35c121a23d8
2dde1382-a1d1-4e41-a176-36408435675a,7c83db88-c226-4cea-ae27-7e4ce7f756a7
2551aadb-942a-4ad4-bb22-852899287829,
fc8063b1-fd13-419c-8046-3f34be496fda,
cd2024bf-23ca-46a0-bfec-cbc7f7d7a7c2,
d491f164-e35c-46ee-9856-81701a768306,
2ac6861e-3fcc-47fe-bf68-91a36f092063,
4740d5f3-9943-4956-b9b6-02eb05a57764,
e950e873-5908-4420-a91b-0b22daf830e8,
5f0f7199-bd23-49f1-9dd9-d063dd02adc9,
95a42713-1b99-4074-8267-ff27a074afb3,
17c37fb9-0521-4201-b69c-ea613a9aef0d,
71edf7d2-b779-4149-a7a5-2ca5a2f1ea65,60c92bda-d1d7-49bb-816e-a19f9f56f9a6
e50a53aa-84b6-4920-aa81-29c88814da8d,d79e7278-cad5-4504-bbc3-4e368e1e5587
17ebd955-a370-450e-ab84-c4ab41302fc1,9834ba8b-14ed-49f1-a27b-ed90ea976509
bc24dfa6-f6ce-437d-b299-0beb084c8add,36a71dd4-7c49-4867-8257-61f8df71f0a5
9a9ab817-c38c-48ee-8ba2-3ec8de59bd36,caf89749-620f-4d01-9ad7-c540bdf7da23
4859816a-e9ad-457f-9d07-f6219f10cf07,f7013f4e-0641-4aaf-8ccb-9d0eadb6743a
fad654ed-6f69-4e13-af4f-8cd7c5332682,747d723a-5b62-4456-a022-51e547f44fe9
2eadcdf0-12a7-497b-91eb-1a40177a2f69,a39856d8-35bb-4fa1-94b0-664f798e88c4
b5957453-5e07-4103-9daf-3ee7c2e9c18f,77ab7c67-079d-45d7-abf1-1133aa604827
21cc4425-93bd-4aeb-9b9f-b37c8fff932b,51b642cd-da6c-4aa2-a2a5-c47a2977353e
d30475bc-e753-40c9-a5b1-e9b59e340047,6d1170c5-1f18-4916-a242-68ed1d0d466f
e974c35d-cd50-4c3e-a55d-0afbc99d61b1,974b6cb1-41b1-4a57-b652-6c11b1989952
2a9ffff3-86d8-41cb-a074-f3fa4042da60,672a0693-f96b-48e7-b3f5-a63cb93c79cf
aff11f9c-2a3a-40d3-91cf-47b57c1b30f9,649febd8-3dde-41d6-8875-0febe4ff055f
4d8c2147-528d-40c5-b708-73833b29b9aa,d3b747c8-baca-40a7-b15b-54839e73905e
ef46cdb4-67d1-44f8-ae76-f4bcc18f036a,ce13eec9-271f-4fba-99ac-181d0cd36208
d3223c2b-59bb-425f-a9b0-24291b2c8fb0,e6a81fe8-7df3-4ffd-bc2d-1afab116ea15
b68d9442-272b-4567-9d59-4559c0b69323,616271b7-28d9-48da-8d61-74ce8c3fe254
a92b21a7-5bb0-4774-80bf-b59412064900,30f24c94-f1c0-4133-86bc-919952d951f7
dbde7579-bd3d-41bc-82d3-ba81877009e7,2d36180d-3758-49f6-b994-6e289b1b61e3
07091592-3248-4abb-9b21-05869332a42a,f521fffc-5680-4a1f-a999-38e40a33f72e
a8ccaae5-3edd-4fc4-a401-8759302ef1e4,ed1e7c79-f39d-4a29-97e1-447f58c7d7e3
15b45a76-5bee-4007-b08b-0fca88f872f1,2e3c96b4-6e86-43e5-a04e-b57a4a17c676
d1ded4ec-5412-4e4a-8a50-eb7b6da73853,0aebf91b-e1b6-4652-a98a-010b680ec673
9cdf4f56-0d64-438f-b2e4-c9c0c4bd3cd8,c738617b-ce1a-4739-9808-bc6c8dfe678a
915f51d9-27e4-4227-ac1f-85e908854827,741dfab1-e5a5-436b-8f64-0f4bbc11a50f
936f59a4-5413-4fb1-86f0-25f1d5834ee0,2d7603f3-f34f-453c-96f4-f36738131881
846669ab-c64f-411e-a056-b3c6c3c0f19e,98e8ae5e-2277-4908-a615-dfaf4284fedc
c4068bad-16c7-46eb-bca9-bf4496a96e76,5c58b99e-4c2a-46cd-9314-f97fdca9c26a
80f54ab8-8cec-40b9-b920-73a43cdf64af,acefd572-94d1-429f-a24a-5aeedc34bf35
b10103b2-61b2-4d60-964c-ee17794441bd,1d46d486-7dab-4b87-a3de-62d64b7a5d0e
1a214fc9-5601-4287-a81f-b36dd3977fae,ff6ea0fc-8967-43e0-ac29-6c38a94a35a7
30ba37e7-1fa7-4057-9972-06de4eff765e,af2b6556-5ec6-4e7a-834f-9de577ec7791
ac593377-fbe8-42ca-b9dc-28dd43e69ff0,ea0c3a20-4de1-42d5-a2b7-2bbff917b50d
ff8a5a12-74ef-422e-b6c4-327123c6a571,3d5ffc29-7ad4-447a-b12c-c4246dff084f
d5b6da8c-098c-49d2-aeff-b7ede4148004,bfb46c2c-f0ff-4c72-8d35-0129d16e00e9
5a4defa5-2ee5-43fe-9b15-f967edf03fb2,02f0240f-a90e-46ce-bfb9-099bb8438001
8d39e9dd-c618-4433-a2d4-35428bfaf97f,52a82bac-18f9-4ac4-8983-4ba57c56326a
533d6ac2-1059-4bc1-b502-06176096d839,3d1786fb-6609-46b6-8b65-bea850d271f9
4f375450-4658-430d-b26d-046f06838ff2,3e8707b1-13e0-4d77-9608-30264b949488
ca2a421d-fef6-4e3e-a373-ec720ab18e6f,fa0950f7-71ae-4165-ab95-0b8616c0a97a
0a6078ab-095f-4f7b-acd9-e13aa702ab64,6c5c00b0-6baf-4f40-9640-220578c6ed15
e2fdf8ba-3ad2-4ce0-96d0-13497680ab71,94e23da5-f63e-4f71-aca7-7402b03f2d83
54173635-ef48-4f45-ada4-5f67946a33ab,78dd5226-6673-4cdc-a29f-0e0dda42537b
c8ac1250-8c05-426c-a63d-20caf563900f,72adc1c1-bce0-443d-8b65-858af45eb73e
0a3147d7-dba5-4cc3-ab47-f2815218394c,35d27a9f-4878-4c7a-a58c-ebb392a60f62
56c4ed17-1c0a-4524-ba00-2a5d916b8d60,9f7472d5-ade2-4796-9e7e-a7bd65536704
b76bfcf7-18a2-4598-99b8-a8e8d4832b64,1235b092-c6b3-4ca0-9667-1e515ba2dc40
29b1ef83-b1ce-4a66-83eb-ecf1cffc8ee7,0bd0d42f-7c96-499d-86c8-22133a13c2bc
06d93c9c-8219-4a7b-8e04-173a80a27360,8d39579e-8e8c-411b-b703-96cdb64616e6
3d4829d3-0f2a-4b7c-9216-5ccfe73aa738,39bee9a7-4388-462d-bb3e-ac5eefe08d40
bc7cfbcf-7ad1-478e-9377-63b276a1e252,2cab7749-a4cc-496c-9105-0ad6addcf882
a05f8bc7-9012-4ab0-bb82-26b027b5174f,01cd90bf-617f-436e-b31a-c522df2ee275
49a935bd-03c7-42f1-94b4-77e1566afba6,4d7a6bd8-71b1-4fa0-9db8-dd83e8301dfb
c9b1c6f1-497d-4b35-83b7-364ec452a1ce,0ea6f132-4fc2-4841-8d71-057b47bfe89b
dd5be5d3-074c-49a8-b5a9-f87d413b1f81,264be372-b3df-4bff-aa6e-0f846f4cf39f
5409e3b9-7817-4f09-826e-7b5c349ed7d5,ba4e93a8-107d-42ad-8b60-fac57c3dffe5
843df1bf-afbd-4c67-973b-8469361e98fb,ad24ffbe-ba42-4b8b-8a33-69ea44be5180
3f120722-599a-4536-b0b7-bc7fe38817ef,d9ee0d79-580e-4730-badf-3fd0f729951c
de187cf7-811f-4eab-95c8-ce0506748b0e,b0746632-17f0-4835-8e64-754980ca87f3
0e6c3c97-c40a-4947-9be8-db0a2bb1b7f1,dc9c69c7-2095-49c2-974d-413dc600b053
dc760587-d08a-4402-bca9-e882126fd59a,a4ee77af-8496-4246-b9ad-8d7d0d472534
ce8276e5-8a23-4162-ad1e-5c119b168292,e6d11c23-b214-4e9e-af60-51d61458fc51
b5555b2e-24b7-4b68-aa77-d945ea6a4b5e,cbb2824b-dc13-447f-8bc3-843aecbb0123
e2360a7c-366d-45e6-b883-f4f241826316,0a07c8e8-7c4f-49df-9b46-b6a6c2f289f7
ece871a8-4f4b-4a5e-8e0e-bba75016f1eb,e01ae7dc-2c52-4818-a7bb-92ef82969221
361b88ae-1066-4ddc-8313-b0b4c8044f47,8695d4e1-3f35-405b-aff5-e223e09eada7
67c879b2-b305-4795-8368-f9ca3c4e6d6a,a5f13055-65bd-4bdf-b1aa-394b122a0949
7fe386ae-891a-4cff-b3e2-916296a69203,f0adee60-2f48-42df-9d4b-7e3a6911e425
e1ffb14d-ccb5-4b09-8013-4abd11b7d866,2fd5b2f1-f21a-42d7-bb43-e84671553f33
32bc680e-85c8-4e0f-88f0-4c439dee770d,9fde12e2-4549-4348-90c2-607ac7e58ef4
868eb9fb-2333-4f52-ae12-e597b080a811,6b14416a-2ecf-4958-a444-22db4fac244b
8cd57f79-d8e1-4a92-adc8-da4fa891a09e,3074583e-a7db-4bfa-9c2c-5858033c3fb1
a3e2856b-aaaa-4f90-98d3-644abdf0dc72,7f390fc8-1901-4470-8e24-e08569db1f9f
7b55f7ab-d150-49f7-b34a-85e315d3bf13,5319b616-9629-44bf-8ddf-53ef72965562
1f626478-ff84-4949-8961-a6d882195865,
5a723aca-2477-43a9-9eea-f020996599c1,
603b611b-9d79-442a-be7e-07ee903d2a26,
7af6b1fb-ebb7-4b23-85fc-58699038ce7c,
34391c64-0c1d-40ca-adaa-4b0e7de49af1,
7409ef7d-0605-4125-b2a2-7fa36386800f,
ffc93d62-54fb-4aba-bea8-aae0d2a39042,
966e0fa6-d4e5-49cb-8ae6-9d9b6d2cff2b,
d17889d7-15c2-4841-9968-17f1289b7f85,
366ada4b-3b1f-42d4-ba09-f59a9ce04cb2,
342a6ad2-b9ea-445d-add5-1d843b400ec1,
2edac022-b200-45b5-a6a4-b10c3277996c,
d4ced6c1-4852-4865-966c-e79c65cef611,
dbfacb7b-72cf-49f8-91fa-f405200aab78,
f890a182-6236-4ef1-b808-8914054a604a,
416eb168-2e3c-4f63-b933-976bdbd9db7f,
1b13767f-6540-468c-8a9a-ec4105e2b0dd,0c1f4863-c225-4eb0-9de0-0ccf10325745
bcc11a97-a3a8-4f73-b298-6d8aa7dbe1fa,5bd9e8da-b361-4ea5-9071-6bafdf76a60d
37cad022-dd02-472f-94a2-a507498d1444,4257144c-b3ac-468c-9d50-6fd363135343
49b8f7f6-6fbd-4a1a-a271-1fa001b1736b,b6293b0b-fa2f-4ba6-9dd8-4da412dd4569
c1f2c0e5-31e3-4cd1-b1c6-7293a12b4538,7b6267bf-82ff-4078-9f9b-ca5a174cbca8
bfd6ea61-0a32-46e9-8ab4-22ab4c5dc97b,b4331c60-596e-443a-9eb6-98784e46c216
65db6f23-a135-498d-bf24-bce30d27b7e8,5204b0cb-5923-4289-b9bb-b6ea646917af
a0a7e614-7284-4009-9e50-abedeb510f76,57b99012-8a7a-459c-95df-5d8cb3b0589d
8a5a484a-ca52-4b50-9350-f8977eda5bde,1b20485f-2504-4d07-9474-abaf670296b6
56d00bfc-011b-4c30-8564-e08a26955daa,9280fb11-82b5-4afc-9029-af32c7bf022f
23f9ebd5-9f10-443a-9d52-f54d30e00dcc,c6145d62-e403-4dae-b519-96024ff1fd32
f16f4f02-584c-47dd-9995-6ac30e152e6e,c89902cd-859d-44ff-be21-859608d6630a
73b2bea4-e69d-4901-b2ff-9df81504b132,ba6c23d4-f2a9-47e2-9900-7d19b3e44f0b
3455d26f-253a-4439-9982-88440c68a0e4,137d554f-f779-4cac-97f5-6bd207cf53bb
4ab9faa1-305f-43d5-afc5-52a3ebe75236,3c5ce287-9ea5-409e-85e3-5507cebdccff
684e5246-1a11-4112-8aaf-0accdac2afac,c6fbfc2b-c7c4-4537-898b-b93dd5ca7f18
390dbf4c-8ec0-4d5f-a213-e94da4311875,c40ed075-553a-4fa1-8818-39c9d0b24388
d81b3f93-5fe2-47a1-9de9-16c2f8ac4b93,5d76ad5f-10c6-4a0e-bff5-8b4e4942e5b0
56e2f530-39f6-4bb6-9256-9f6234454ab4,991f5d2c-4c07-4ee8-ad7e-e2ae61f96fd6
4baec73b-c453-4d1e-a011-4452fe511582,62cd06aa-07be-4351-a9b6-5df80d51bdd7
e3fd2627-f4cc-456e-8692-fd4e9409f628,
